mode,size_mb,rank,avg_time_s
mpi,1,0,0.117471
mpi,1,1,0.117428
mpi,5,0,0.667756
mpi,5,1,0.659077
mpi,10,0,1.438935
mpi,10,1,1.429233
mpi,50,0,7.885359
mpi,50,1,7.847533
mpi,100,0,16.335100
mpi,100,1,16.378120
mpi,500,0,86.792940
mpi,500,1,87.085820
