mode,size_mb,rank,avg_time_s
mpi,1,0,0.058103
mpi,1,1,0.057763
mpi,1,2,0.058008
mpi,1,3,0.056917
mpi,5,0,0.344476
mpi,5,1,0.344327
mpi,5,2,0.341899
mpi,5,3,0.339168
mpi,10,0,0.764126
mpi,10,1,0.753290
mpi,10,2,0.751000
mpi,10,3,0.758510
mpi,50,0,4.341696
mpi,50,1,4.332630
mpi,50,2,4.368262
mpi,50,3,4.241268
mpi,100,0,8.943017
mpi,100,1,8.896720
mpi,100,2,8.764390
mpi,100,3,8.938901
mpi,500,0,47.669570
mpi,500,1,47.734540
mpi,500,2,46.838290
mpi,500,3,47.507970
