mode,size_mb,avg_time_io_s,avg_time_alloc_host_dev_s,avg_time_h2d_s,avg_time_kernel_gpu_s,avg_time_lcp_cpu_s,avg_time_d2h_s,avg_time_compute_pure_s,avg_time_total_compute_s,avg_time_transfers_comm_s,avg_throughput_MBps,avg_speedup,avg_efficiency_pct,avg_memory_overhead_ratio_pct
cuda,1,0.000090,0.115325,0.000021,0.004019,0.000446,0.000155,0.004465,0.119790,0.000176,10.666211,1.296686,129.668548,96.383424
cuda,50,0.002695,0.109754,0.000304,0.074132,0.058358,0.005718,0.132490,0.242244,0.006021,17.990802,2.948564,294.856394,47.807526
cuda,100,0.005413,0.101398,0.000657,0.146809,0.154485,0.011106,0.301293,0.402692,0.011763,15.807195,3.344311,334.431104,28.098186
cuda,200,0.011266,0.100062,0.001422,0.313182,0.374649,0.022077,0.687831,0.787893,0.023499,13.849077,3.370064,337.006367,15.684643
cuda,500,0.024308,0.101260,0.003662,0.846602,1.123375,0.055243,1.969977,2.071237,0.058906,12.087148,3.557207,355.720669,7.733549
