size,avg_build_time
1MB,0.117289s
50MB,17.944980s
100MB,37.835810s
200MB,79.449530s
500MB,218.979400s
