size,avg_time_compute_pure_s
1MB,0.117705
50MB,17.272029
100MB,35.192476
200MB,74.381972
500MB,202.707212
