size,avg_build_time
1MB,0.097785s
5MB,1.027817s
10MB,2.477276s
50MB,16.811860s
100MB,34.893600s
500MB,198.985700s
