threads,size,avg_time_compute_pure_s,avg_speedup,avg_efficiency_pct
4,1MB,0.096129,1.224574,30.61
4,50MB,15.778956,1.094629,27.37
4,100MB,33.220486,1.059371,26.48
4,200MB,70.776420,1.050985,26.27
4,500MB,193.822807,1.045864,26.15
