threads,size,avg_build_time
4,1MB,0.098677s
4,50MB,15.845600s
4,100MB,33.632490s
4,200MB,72.022170s
4,500MB,205.362400s
