threads,size,avg_time_io_s,avg_time_alloc_s,avg_time_sa_s,avg_time_lcp_s,avg_time_lrs_scan_s,avg_time_compute_pure_s,avg_time_total_compute_s,avg_time_transfers_comm_s,avg_throughput_MBps,avg_speedup,avg_efficiency_pct,avg_memory_overhead_ratio_pct
8,1MB,0.000060,0.000660,0.005210,0.000481,0.000015,0.005692,0.006367,0.000000,8.366252,1.017081,12.713509,10.388049
8,50MB,0.002703,0.023476,0.324534,0.043049,0.000754,0.367583,0.391814,0.000000,6.477812,1.061667,13.270839,6.003357
8,100MB,0.005363,0.042176,0.854636,0.124954,0.000873,0.979590,1.022639,0.000000,4.873895,1.031165,12.889558,4.136060
8,200MB,0.010877,0.079288,2.061966,0.331856,0.001393,2.393822,2.474503,0.000000,3.980856,0.968710,12.108875,3.207219
8,500MB,0.023308,0.197874,6.077667,0.966199,0.002942,7.043866,7.244683,0.000000,3.381078,0.995040,12.437999,2.732949
