threads,size,avg_build_time
8,1MB,0.129513s
8,50MB,16.362780s
8,100MB,35.192200s
8,200MB,76.855660s
8,500MB,209.437900s
