size,avg_build_time
1MB,0.110530s
5MB,1.160432s
10MB,2.799912s
50MB,17.685220s
100MB,37.566160s
500MB,222.283000s
